shortcode	image
cake	https://emoji.redditmedia.com/46kel8lf1guz_t5_3nqvj/cake
cat_blep	https://emoji.redditmedia.com/p9sxc1zh1guz_t5_3nqvj/cat_blep
doge	https://emoji.redditmedia.com/f0fypg8k1guz_t5_3nqvj/doge
downvote	https://emoji.redditmedia.com/r05m1xcm1guz_t5_3nqvj/downvote
hamster	https://emoji.redditmedia.com/63xo3dun1guz_t5_3nqvj/hamster
illuminati	https://emoji.redditmedia.com/mv60bklq1guz_t5_3nqvj/illuminati
kappa	https://emoji.redditmedia.com/2uaduvnr1guz_t5_3nqvj/kappa
karma	https://emoji.redditmedia.com/dgnf69ls1guz_t5_3nqvj/karma
orly	https://emoji.redditmedia.com/crum4urt1guz_t5_3nqvj/orly
partyparrot	https://emoji.redditmedia.com/rk1bpelv1guz_t5_3nqvj/partyparrot
pupper	https://emoji.redditmedia.com/l73ksapw1guz_t5_3nqvj/pupper
redditgold	https://emoji.redditmedia.com/5knu5pox1guz_t5_3nqvj/redditgold
sloth	https://emoji.redditmedia.com/rpczqdwy1guz_t5_3nqvj/sloth
snoo	https://emoji.redditmedia.com/3whaar0s9ezz_t5_3nqvj/snoo
snoo_angry	https://emoji.redditmedia.com/8qgfoo9waezz_t5_3nqvj/snoo_angry
snoo_biblethump	https://emoji.redditmedia.com/akdtlr0vaezz_t5_3nqvj/snoo_biblethump
snoo_dealwithit	https://emoji.redditmedia.com/94ntcn2taezz_t5_3nqvj/snoo_dealwithit
snoo_disapproval	https://emoji.redditmedia.com/49dz5ljraezz_t5_3nqvj/snoo_disapproval
snoo_facepalm	https://emoji.redditmedia.com/wzxf63qpaezz_t5_3nqvj/snoo_facepalm
snoo_feelsbadman	https://emoji.redditmedia.com/7xdss4doaezz_t5_3nqvj/snoo_feelsbadman
snoo_feelsgoodman	https://emoji.redditmedia.com/nbv1idzmaezz_t5_3nqvj/snoo_feelsgoodman
snoo_hearteyes	https://emoji.redditmedia.com/igu167dlaezz_t5_3nqvj/snoo_hearteyes
snoo_hug	https://emoji.redditmedia.com/wqivmcpjaezz_t5_3nqvj/snoo_hug
snoo_joy	https://emoji.redditmedia.com/ehw8l3piaezz_t5_3nqvj/snoo_joy
snoo_putback	https://emoji.redditmedia.com/8228r6bhaezz_t5_3nqvj/snoo_putback
snoo_sad	https://emoji.redditmedia.com/a761ck7gaezz_t5_3nqvj/snoo_sad
snoo_scream	https://emoji.redditmedia.com/19g4yg2faezz_t5_3nqvj/snoo_scream
snoo_shrug	https://emoji.redditmedia.com/mvwd04vdaezz_t5_3nqvj/snoo_shrug
snoo_simple_smile	https://emoji.redditmedia.com/dhbi1omcaezz_t5_3nqvj/snoo_simple_smile
snoo_smile	https://emoji.redditmedia.com/fh0615maaezz_t5_3nqvj/snoo_smile
snoo_surprised	https://emoji.redditmedia.com/hvfzdhf9aezz_t5_3nqvj/snoo_surprised
snoo_tableflip	https://emoji.redditmedia.com/nbgogsm7aezz_t5_3nqvj/snoo_tableflip
snoo_thoughtful	https://emoji.redditmedia.com/7jhvwsc5aezz_t5_3nqvj/snoo_thoughtful
snoo_tongue	https://emoji.redditmedia.com/pgm55sg3aezz_t5_3nqvj/snoo_tongue
snoo_trollface	https://emoji.redditmedia.com/mssz6vvv9ezz_t5_3nqvj/snoo_trollface
snoo_wink	https://emoji.redditmedia.com/p0vdh98u9ezz_t5_3nqvj/snoo_wink
table	https://emoji.redditmedia.com/cbl32coz9ezz_t5_3nqvj/table
table_flip	https://emoji.redditmedia.com/l7sfl3z0aezz_t5_3nqvj/table_flip
upvote	https://emoji.redditmedia.com/ad1td4bx9ezz_t5_3nqvj/upvote