name	url
moderating	https://www.reddit.com/subreddits/leaderboard/moderating/
All Communities	https://www.reddit.com/subreddits/leaderboard/
Sports	https://www.reddit.com/subreddits/leaderboard/sports/
Gaming	https://www.reddit.com/subreddits/leaderboard/gaming/
News	https://www.reddit.com/subreddits/leaderboard/news/
TV	https://www.reddit.com/subreddits/leaderboard/tv/
Aww	https://www.reddit.com/subreddits/leaderboard/aww/
Memes	https://www.reddit.com/subreddits/leaderboard/memes/
Pics & Gifs	https://www.reddit.com/subreddits/leaderboard/pics_and_gifs/
Travel	https://www.reddit.com/subreddits/leaderboard/travel/
Tech	https://www.reddit.com/subreddits/leaderboard/tech/
Music	https://www.reddit.com/subreddits/leaderboard/music/
Art & Design	https://www.reddit.com/subreddits/leaderboard/art_and_design/
Beauty	https://www.reddit.com/subreddits/leaderboard/beauty/
Books & Writing	https://www.reddit.com/subreddits/leaderboard/books_and_writing/
Crypto	https://www.reddit.com/subreddits/leaderboard/crypto/
Discussion	https://www.reddit.com/subreddits/leaderboard/discussion/
E3	https://www.reddit.com/subreddits/leaderboard/e3/
Fashion	https://www.reddit.com/subreddits/leaderboard/fashion/
Finance & Business	https://www.reddit.com/subreddits/leaderboard/finance_and_business/
Food	https://www.reddit.com/subreddits/leaderboard/food/
Health & Fitness	https://www.reddit.com/subreddits/leaderboard/health_and_fitness/
Learning	https://www.reddit.com/subreddits/leaderboard/learning/
Mindblowing	https://www.reddit.com/subreddits/leaderboard/mindblowing/
Outdoors	https://www.reddit.com/subreddits/leaderboard/outdoors/
Parenting	https://www.reddit.com/subreddits/leaderboard/parenting/
Photography	https://www.reddit.com/subreddits/leaderboard/photography/
Relationships	https://www.reddit.com/subreddits/leaderboard/relationships/
Science	https://www.reddit.com/subreddits/leaderboard/science/
Videos	https://www.reddit.com/subreddits/leaderboard/videos/
Vroom	https://www.reddit.com/subreddits/leaderboard/vroom/
Wholesome	https://www.reddit.com/subreddits/leaderboard/wholesome/